name;short_text;prob2_0;prob2_1;prob2_2;prob2_3;prob2_4;prob2_5;prob2_6;prob2_7;prob2_8;prob2_9;prob2_10;prob2_11;prob2_12
b1_p1_h1;Мелеховский двор — на самом краю хутора. Воротца со скотиньего база ведут на север к Дону. Крутой восьмисаженный спуск меж замшелых в прозелени меловы;0.041250833807566514;0.03306790850211579;0.0469037080859017;0.03214541340655603;0.04213806757405143;0.03611971832611219;0.030791299278468177;0.053840774294289566;0.02636220123335151;0.03302131452005342;0.03402149539767718;0.04695513045515986;0.03731626777078733
b1_p1_h2;Редкие в пепельном рассветном небе зыбились звезды. Из-под туч тянул ветер. Над Доном на дыбах ходил туман и, пластаясь по откосу меловой горы, сполза;0.1255310214386406;0.12775075916756343;0.11745495790217984;0.1074336094760712;0.11908770627902988;0.1152445268385177;0.11586374683038086;0.1802999491401871;0.11421043874819513;0.1275962172346584;0.08558650928026806;0.12496495285322805;0.12330800764622382
b1_p1_h3;"Григорий пришел с игрищ после первых кочетов. Из сенцев пахнуло на него запахом перекисших хмелин и пряной сухменью богородицыной травки.
На цыпочках ";0.0646692094908717;0.05471377476247587;0.05701196432484179;0.04730335523303925;0.06615592640725029;0.05462368653476419;0.057184450371491446;0.08305509407156599;0.05885386056727969;0.06286203577367278;0.03914533658710312;0.05912782174429944;0.0578500683489234
b1_p1_h4;К вечеру собралась гроза. Над хутором стала бурая туча. Дон, взлохмаченный ветром, кидал на берега гребнистые частые волны. За левадами палила небо су;0.0690879407783962;0.07074677329278098;0.09416149720418049;0.0779322727751311;0.06693555875018219;0.07566872955553364;0.07274752035044976;0.10366032127164343;0.07330877616845148;0.0902668168523266;0.055278367136076256;0.0955973239530581;0.07489466626900201
b1_p1_h5;До хутора Сетракова — места лагерного сбора — шестьдесят верст. Петро Мелехов и Астахов Степан ехали на одной бричке. С ними еще трое казаков-хуторян:;0.11934200742135778;0.08885749809778909;0.10527277124418424;0.10738946861717702;0.11015636447506136;0.0796801920991473;0.09740231197145904;0.1576278051321662;0.10243387043237086;0.10509442103819316;0.07966933708537498;0.11181309482307604;0.08930983001774759
b1_p1_h6;"Возле лобастого, с желтой песчаной лысиной кургана остановились ночевать.
С запада шла туча. С черного ее крыла сочился дождь. Поили коней в пруду. На";0.057126556095163816;0.07323156274118771;0.06209698240747892;0.062241564725895794;0.06743077396641191;0.058101408869803826;0.055821680645154956;0.12267721736979788;0.07741779732351085;0.0786632870039644;0.042887917148488504;0.06323107801934755;0.06787370434102026
b1_p1_h7;"Аксинью выдали за Степана семнадцати лет. Взяли ее с хутора Дубровки, с той стороны Дона, с песков.
За год до выдачи осенью пахала она в степи, верст ";0.11259851818688844;0.12092905549795084;0.10684788733196318;0.09952989216434224;0.12866038921777276;0.09797528429700714;0.09697673840135117;0.14431216838758487;0.09116953732487057;0.09941188926313203;0.08111242268181768;0.14022838504301682;0.10367473397191536
b1_p1_h8;За два дня до троицы хуторские делили луг. На дележ ходил Пантелей Прокофьевич. Пришел оттуда в обед, кряхтя скинул чирики и, смачно почесывая натруже;0.20377192281939482;0.20708570146278726;0.19454659185256054;0.2090542564690902;0.20909595985086554;0.17342290103260796;0.2376194048019638;0.2648539928558307;0.19533282495587373;0.24972848157659114;0.1691427273456067;0.3303840378788244;0.19387990816440837
b1_p1_h9;От троицы только и осталось по хуторским дворам: сухой чабрец, рассыпанный на полах, пыль мятых листьев да морщиненная, отжившая зелень срубленных дуб;0.09122653916361835;0.07162765883624772;0.07111383077935553;0.061474178809330975;0.08800845428183623;0.07120276905590878;0.056195309378012384;0.100589210249198;0.06351753698073466;0.08840381346408197;0.040164346513139805;0.07090539785375641;0.06561032173865515
b1_p1_h10;"Не лазоревым алым цветом 10, а собачьей бесилой, дурнопьяном придорожным цветет поздняя бабья любовь.
С лугового покоса переродилась Аксинья. Будто кт";0.12090199953502426;0.09711159594091248;0.10021515445517981;0.10960320819552519;0.11680565225732482;0.11565155291451508;0.11743459569300137;0.17302921641419805;0.1374061502100679;0.12643147287441514;0.08394460136636503;0.1533700063235976;0.11849722950165748
b1_p1_h11;За хутором Сетраковым в степи рядами вытянулись повозки с брезентовыми будками. Невидимо быстро вырос городок, белокрыший и аккуратный, с прямыми улоч;0.15786170372359654;0.11852264973800815;0.15283555512952257;0.12223014561707422;0.1467499502901963;0.13260526752832222;0.13773375651826425;0.18437355313024145;0.13957499689147163;0.14496184859415356;0.11182342466987423;0.2088855410512129;0.13228840911789275
b1_p1_h12;"Оставалось полторы недели до прихода казаков из лагерей.
Аксинья неистовствовала в поздней горькой своей любви. Несмотря на угрозы отца, Григорий, тая";0.06884070225955612;0.05160182602571532;0.0644315178766483;0.06513106238265838;0.0694360188988138;0.06461880461164292;0.06211196854159986;0.07706494394466704;0.05403830723896981;0.06323122239023768;0.04899734813647206;0.06751559319988708;0.054493634106632466
b1_p1_h13;С того дня, как приезжала баба Томилина, подурнел Степан с лица. Висли на глаза брови, ложбинка глубокая и черствая косо прорезала лоб. Он мало говори;0.10291746964487059;0.07503950329628715;0.10462902078086853;0.08925233905143992;0.11952320856284904;0.0790633501471904;0.09530865305150962;0.15231321758262992;0.09505808610381612;0.09568233788138164;0.08509910028094918;0.13336265467682537;0.09018244572723443
b1_p1_h14;— …Тоскую по нем, родная бабунюшка. На своих глазыньках сохну. Не успеваю юбку ушивать — что ни день, то шире становится… Пройдет мимо база, а у меня ;0.07247111881718295;0.055254163057442025;0.07639016954609669;0.051017565808828866;0.07213213330308973;0.08043799687543977;0.06329781096953525;0.10180426719659684;0.06702977009896878;0.07483813066987231;0.057288790849089784;0.05468980527551318;0.05594670294905259
b1_p1_h15;"— Петру скажи, чтобы запрягал кобылу и своего коня.
Григорий вышел на баз. Петро выкатывал из-под навеса сарая бричку.
— Батя велит запрягать кобылу и";0.054689734174117426;0.045983112861521326;0.045126520530834865;0.04639170102855287;0.05088749151627152;0.043870539967982604;0.048265451309431516;0.058172261354595425;0.046195266626272;0.04550980639783345;0.038851881494201844;0.057910470852336;0.0477035126692417
b1_p1_h16;Только после того как узнал от Томилина про Аксинью, понял Степан, вынашивая в душе тоску и ненависть, что, несмотря на плохую жизнь с ней, на ту давн;0.1119153673451419;0.09566990237710044;0.11300152055249747;0.09493981683427502;0.13433617954429844;0.11200128654035026;0.12126848343051409;0.166710485977172;0.10414248906006497;0.13235909894500447;0.060957253331547695;0.070986473550644;0.10481630645071675
b1_p1_h17;За житом — не успели еще свозить на гумна — подошла и пшеница. На суглинистых местах, на пригорках желтел и сворачивался в трубку подгорающий лист, пе;0.1635016742926814;0.12763777154480652;0.13614696057349152;0.1237078941100879;0.13763843324794153;0.13227046592215966;0.13413289990686475;0.22341309770870585;0.16815863086153468;0.15531370012944865;0.10038889101162832;0.1708603661895096;0.1317733153046188
b1_p1_h18;Коршуновы слыли первыми богачами в хуторе Татарском. Четырнадцать пар быков, косяк лошадей, матки с Провальских заводов, полтора десятка коров, пропас;0.026113168289974363;0.02571080151554957;0.025645379332982957;0.026218285461782818;0.03002284326406023;0.026352627711460935;0.025722112930555496;0.03387943868000614;0.02394316771352756;0.029131867277777383;0.01806977221587713;0.028928448828274035;0.029396766162534768
b1_p1_h19;В коршуновском курене предсвадебная суета. Невесте наспех дошивали кое-что из белья. Наталья вечера просиживала, вывязывая жениху традиционный шарф из;0.0612068234021977;0.071465776248222;0.05069362400205333;0.05838529436901469;0.070646334083838;0.056149000508151435;0.03757801764047142;0.10343152743733362;0.043686262068246516;0.07256300393766987;0.04090631348118941;0.07196741440479852;0.05054078904038714
b1_p1_h20;"Всходит остролистая зеленая пшеница, растет; через полтора месяца грач хоронится в ней с головой, и не видно; сосет из земли соки, выколосится; потом ";0.2068535888418416;0.13004896698193388;0.17108590005484245;0.15777461454497435;0.1425963613309032;0.14865515317175068;0.16252924323555304;0.18530608944952673;0.15050544722167084;0.1655934863006356;0.0955972458154005;0.16283457715401004;0.14605224621214805
b1_p1_h21;"За невестой в поезжанье нарядили четыре пароконные подводы. По-праздничному нарядные люди толпились на мелеховском базу возле бричек.
Дружко — Петро —";0.042940676201082176;0.03005670662793338;0.03802678422280191;0.03392162968372959;0.04754132429132901;0.023386797479418846;0.031143532150956107;0.046757704632691965;0.03186179544125874;0.040366797078708536;0.025667486733564185;0.040514034881863024;0.032469333814522945
b1_p1_h22;"Отдохнувшие у Коршуновых лошади шли, добираясь до мелеховского база, из последних сил. На ременных шлеях, стекая, клубилась пена.
Подвыпившие кучера г";0.21964292096991223;0.14306387850478752;0.19334968999970673;0.17168355937293686;0.174183436342385;0.16758443369774603;0.18477738791861978;0.248508185310834;0.13434960425301937;0.1829987233853316;0.11462888948243144;0.2334199289417229;0.17191112125368943
b1_p1_h23;Коршуновы приехали уже после того, как жениха с невестой увезли в церковь. Пантелей Прокофьевич до этого выходил за ворота, взглядывался вдоль улицы, ;0.01860591487404229;0.017141705664446876;0.015250366675414675;0.015171101640760722;0.017529709375174975;0.015717449153420524;0.014159382551529553;0.02384700787841307;0.014040122665823116;0.022297759135657742;0.01063009532991251;0.018620202635904026;0.0162211289538402
b1_p2_h1;"Сергей Платонович Мохов издалека ведет свою родословную.
В годы царствования Петра I шла однажды в Азов по Дону государева баржа с сухарями и огнестре";0.04849691603637079;0.04571982263705573;0.0399216764908345;0.0482136338927232;0.04494128199086454;0.041499122933662085;0.027820511239046653;0.05709886397112991;0.04047595360844344;0.04872283987164273;0.03793846425013492;0.039046424006716075;0.04494463498772006
b1_p2_h2;В конце августа Митька Коршунов случайно встретился возле Дона с дочерью Сергея Платоновича Елизаветой. Он только что приехал из-за Дона и, примыкая к;0.1496921749203551;0.16029246680405523;0.1440541629360368;0.15964702780011814;0.15892949686877778;0.16942768067517214;0.12026404451695984;0.20723037251900775;0.16325598841411643;0.1822860999909982;0.11288656967401493;0.1775540653492088;0.1694270386716391
b1_p2_h3;"Наталья пришлась Мелеховым ко двору. Мирон Григорьевич детей школил; не глядя на свое богатство и на то, что помимо них были работники, заставлял рабо";0.0864431526904284;0.07802848504581182;0.07934340749769395;0.07023420098765494;0.09516110170465568;0.08037418602676462;0.06855051109748156;0.10440220004076604;0.07881269049475567;0.10597332454459411;0.05026488813939321;0.06932205350979773;0.08272564064246378
b1_p2_h4;"В конце октября, в воскресенье, — поехал Федот Бодовсков в станицу.
В кошелке отвез на базар четыре пары кормленых уток, продал; в лавке купил жене си";0.09900928603601229;0.07481356674679038;0.06167739568063897;0.09418498171356939;0.08902257904093105;0.07346656496418683;0.07268767724994427;0.09303237039570159;0.07054476422090594;0.062123183503862194;0.06137855797246313;0.13627593974637014;0.0979781829756412
b1_p2_h5;Григорий с женой выехали пахать за три дня до покрова. Пантелей Прокофьевич прихворнул: опираясь на костыль, охая от боли, ломавшей поясницу, вышел пр;0.034564480080233315;0.03288003296473768;0.029986066702751692;0.027195409490845777;0.035016444650666056;0.028853227197149018;0.024817324225227932;0.03467426468261424;0.0288794768566017;0.036137293424655305;0.025139961388891744;0.031747410436046036;0.027718838011621737
b1_p2_h6;С давних пор велось так: если по дороге на Миллерово ехал казак один, без товарищей, то стоило ему при встрече с украинцами (слободы их начинались от ;0.17370580932704655;0.1430284133850188;0.19098796395044593;0.20481158677534317;0.15984205676376886;0.12811911262725134;0.1374107914213579;0.21006989092783748;0.15942670774485335;0.14016523916043785;0.1210119065765684;0.20931461886137076;0.1372672779775079
b1_p2_h7;Зима легла не сразу. После покрова стаял выпавший снег, и табуны снова выгнали на подножный. С неделю тянул южный ветер, теплело, отходила земля, ярко;0.010442218405537954;0.009857338724071548;0.013009939576484896;0.012755440040288505;0.011061299897685532;0.01039953096620642;0.008791143338006444;0.013078371462525494;0.0112610943383322;0.011427752206351853;0.01081362800373143;0.009674318891007349;0.009410529112189056
b1_p2_h8;Пантелей Прокофьевич вернулся со схода и прямо прошел в боковушку, комнату, которую он занимал со старухой. Ильинична эти дни прихварывала. На водянис;0.05796141494163762;0.054810432638719646;0.05375972580091222;0.05442606810757541;0.05025668059220231;0.046076922200099325;0.03811081734234239;0.06185877465571714;0.03987537605028153;0.056188659602344135;0.03341722555945577;0.04704290003079786;0.039869278190875886
b1_p2_h9;"Вечером у косой Лукешки в половине Штокмана собирался разный люд; приходил Христоня, с мельницы Валет в накинутом на плечи замасленном пиджаке; скалоз";0.04170974554224426;0.044671458963743436;0.03658442545014408;0.04267905617005707;0.039601732647742666;0.03414051432437987;0.04385194230247046;0.046167436485205375;0.039317852774787776;0.0494033451561004;0.03521196242388006;0.05600965450708502;0.03821812446855822
b1_p2_h10;На пологом песчаном левобережье, над Доном, лежит станица Вешенская, старейшая из верховых донских станиц, перенесенная с места разоренной при Петре I;0.023927239995246347;0.021018124685779516;0.01912879198555845;0.01897929971502464;0.025419866507863147;0.027093653200272495;0.01814765712637401;0.022826626193759546;0.019895153628827593;0.027857646173814223;0.018019581630877607;0.02584464412319388;0.019989780911027377
b1_p2_h11;Наутро Григорий отправился к Мохову в дом. Сергей Платонович пришел из магазина к чаю. Сидел с Атепиным в столовой, оклеенной дорогими, под дуб, обоям;0.0807217748422059;0.09525481404365464;0.08592485842637525;0.1031391252118455;0.08376088489005976;0.07897010720546369;0.0647873297838549;0.11615400194051619;0.09629816309477596;0.09309442496342142;0.08907889690575908;0.1433426868310486;0.0745723283549519
b1_p2_h12;Аксинья отстряпалась рано, загребла жар, закутала трубу и, перемыв посуду, выглянула в оконце, глядевшее на баз. Степан стоял возле слег, сложенных ко;0.06303372308681061;0.05523500115514057;0.07993247484835181;0.053092829542263534;0.07299063072819904;0.06680721479902788;0.06620375917105516;0.09106521172416632;0.0634797863264663;0.0800462970284311;0.05516808950817376;0.05630443552052906;0.05784360472731064
b1_p2_h13;Беда в одиночку сроду не ходит: утром, по недогляду Гетька, племенной бугай Мирона Григорьевича распорол рогом лучшей кобылице-матке шею. Гетько прибе;0.14837805403486207;0.13859930577450624;0.1579298740785562;0.13482737590872762;0.13538052298986164;0.12145028347476948;0.13394565444924397;0.22100819571457525;0.14144620423713145;0.15903606036863516;0.10044023486800312;0.17683861829606395;0.1283370524560294
b1_p2_h14;Сотник Евгений Листницкий служил в лейб-гвардии Атаманском полку. На офицерских скачках разбился, переломил в предплечье левую руку. После лазарета вз;0.07392560428107038;0.04990982054816842;0.05396733235163104;0.03604147068491381;0.05878058918036916;0.03111564257854123;0.05183236484770338;0.04626561828419997;0.04900425801509471;0.03769402907582709;0.02409180813190003;0.06867395058833481;0.045950787545934034
b1_p2_h15;На четвертой неделе поста сдала зима. На Дону бахромой легли окраинцы, ноздревато припух, поседел подтаявший сверху лед. Вечерами глухо гудела гора, п;0.16267743971632093;0.16257936857910416;0.1686369508208801;0.20453728912262534;0.2302429342638652;0.141509882270409;0.14633673751934456;0.2430102249754973;0.13515834576901795;0.21036804076440913;0.11509688668462159;0.19710142428415214;0.1372863988686881
b1_p2_h16;"У Штокмана стали собираться реже. Подходила весна. Хуторцы готовились к весенней работе; лишь с мельницы приходили Валет с Давыдкой и машинист Иван Ал";0.0882437110005717;0.07712098258827524;0.06041348369376094;0.08745916913272297;0.07193094218873486;0.06333138733593255;0.060186402074301336;0.10462102439356527;0.06357995861701106;0.07662434739259037;0.05529955693089649;0.0993829160035029;0.08352477471194412
b1_p2_h17;"Григорий вернулся из Миллерова, куда отвозил Евгения, в вербное воскресенье. Оттепель съела снег; дорога испортилась в каких-нибудь два дня.
В Ольхово";0.11687808953000635;0.11346732626716467;0.11269668315523604;0.10898281986275343;0.11248524832524202;0.08080323606397191;0.12571275309275404;0.1534054773580917;0.12030420107775754;0.11431355982311829;0.07537118509272532;0.12439408566592418;0.08416058485700971
b1_p2_h18;У соседки Коршуновых Пелагеи в ночь под субботу на страстной неделе собрались бабы на посиделки. Гаврила Майданников — муж Пелагеи — писал из Лодзи, с;0.031068609059371532;0.03265669733203686;0.02777791054680978;0.035604550349272485;0.042139038384306014;0.03838686714472295;0.026324139525633703;0.04294494487493375;0.027797048428194752;0.05432870412358168;0.015513511319306242;0.03056527203724025;0.0281137376429914
b1_p2_h19;"Степан подошел к Григорию и, ухватившись за стремя, плотно прижался к потному боку жеребца.
— Ну, здорово, Григорий!
— Слава богу.
— Что ж ты думаешь?";0.2398879927776322;0.2478750914496338;0.20404295803131178;0.24431436647207885;0.258589604280541;0.19959927879356462;0.22221652925423707;0.354081050565259;0.23719577294214964;0.2388222105162925;0.17090681262272134;0.31078354246877177;0.2144373676089077
b1_p2_h20;На шестом месяце, когда скрывать беременность было уже нельзя, Аксинья призналась Григорию. Она скрывала, боясь, что Григорий не поверит в то, что его;0.15044505909775538;0.10650446713523781;0.13575739297632738;0.12080268626013003;0.14887066233831203;0.1239776191981033;0.13733546886995776;0.18868889113831347;0.12107020059512784;0.14628382455532954;0.09065405715328323;0.15143984700979324;0.10581940485864526
b1_p2_h21;"К просторному суходолу наростом прилипло имение Листницкого — Ягодное. Меняясь, дул ветер то с юга, то с севера; плыло в синеватой белизне неба солнце";0.03307914950143909;0.03095652452214228;0.030379868560754576;0.02657148724096489;0.03040021034018619;0.032226762173051;0.03152212869226975;0.038527480795412225;0.02886614464394751;0.040259280363214016;0.022195380911320336;0.0342193128140912;0.02854804498677156
b1_p2_h22;На шестом месяце, когда скрывать беременность было уже нельзя, Аксинья призналась Григорию. Она скрывала, боясь, что Григорий не поверит в то, что его;0.15044505909775538;0.10650446713523781;0.13575739297632738;0.12080268626013003;0.14887066233831203;0.1239776191981033;0.13733546886995776;0.18868889113831347;0.12107020059512784;0.14628382455532954;0.09065405715328323;0.15143984700979324;0.10581940485864526
b1_p2_h23;"К просторному суходолу наростом прилипло имение Листницкого — Ягодное. Меняясь, дул ветер то с юга, то с севера; плыло в синеватой белизне неба солнце";0.03307914950143909;0.03095652452214228;0.030379868560754576;0.02657148724096489;0.03040021034018619;0.032226762173051;0.03152212869226975;0.038527480795412225;0.02886614464394751;0.040259280363214016;0.022195380911320336;0.0342193128140912;0.02854804498677156
b1_p3_h1;В марте 1914 года в ростепельный веселый день пришла Наталья к свекру. Пантелей Прокофьевич заплетал пушистым сизым хворостом разломанный бугаем плете;0.010791525649809276;0.010844722498450263;0.007585731773375322;0.009348444819149473;0.012746774405806315;0.010062298014991443;0.008792122370104726;0.009789723047966499;0.008797454744559377;0.0138912965984642;0.007264039490530989;0.008347837281562704;0.010591874937777893
b1_p3_h2;Где-то позади, в сером слизистом тумане осталась длинная дорога от Маньково-Калитвенской слободы до местечка Радзивиллово. Пытался Григорий вспомнить ;0.03647678039288767;0.03289604448447347;0.03416262996915574;0.03202676950079777;0.03411880419039296;0.03529429874014807;0.032591348626320044;0.03991815677821131;0.03469466583418078;0.03880125180721743;0.02939190695209212;0.04250574817542264;0.028370510591197284
b1_p3_h3;Над степью — желтый солнечный зной. Желтой пылью дымятся нескошенные вызревшие заливы пшеницы. К частям косилки не притронуться рукой. Вверх не поднят;0.12042135244307425;0.12467951658808087;0.1262421453078373;0.10323749193046108;0.13034560301944778;0.07105335125689011;0.09672238939661391;0.13724018381976036;0.11350323044490604;0.13153633802948275;0.07764728824419065;0.11712329147311638;0.1003214880711882
b1_p3_h4;На площади серая густела толпа. В рядах — лошади, казачья справа, мундиры с разными номерами погонов. На голову выше армейцев-казаков, как гуси голлан;0.039216875986876294;0.03692291488815586;0.03762399106022617;0.034984849672206914;0.034703346712951125;0.034360617633859;0.03223389466148577;0.054764353593258534;0.03953156042684455;0.049431545062096016;0.02950331650063311;0.04735493153692341;0.03563438513585129
b1_p3_h5;В последних числах июня полк выступил на маневры. По распоряжению штаба дивизии полк походным порядком прошел до города Ровно. В окрестностях его разв;0.04560930909830153;0.04347669477382613;0.043087138575192224;0.04692487056425627;0.04238997756255011;0.039527339743909075;0.048318397407149154;0.0471050130004678;0.043608745035040766;0.043494421208441165;0.03368997192593984;0.04833814317570214;0.03476309286671521
b1_p3_h6;Казаки-второочередники с хутора Татарского и окрестных хуторов на второй день после выступления из дому ночевали на хуторе Ея. Казаки с нижнего конца ;0.044264595284566235;0.04681673069993087;0.044191230319969875;0.047559863940007004;0.040270624693709546;0.034187223222910415;0.03894988807579581;0.05450210255645599;0.03586270951895018;0.05080024237725022;0.038555219919636334;0.04111421822180695;0.04483635774638232
b1_p3_h7;Обычно из верховских станиц Донецкого округа — Еланской, Вешенской, Мигулинской и Казанской — брали казаков в 11-й — 12-й армейские казачьи полки и в ;0.014262604612115011;0.017113481621002197;0.01777609813917153;0.01410697436548471;0.01665683186286675;0.014657424951092604;0.014633435754623987;0.01792332196886904;0.014615230766760724;0.015413029675765317;0.014103925868847112;0.015142962880594813;0.015451761627887988
b1_p3_h8;В местечке Торжок полк разбили по сотням. Шестая сотня, на основании приказа штаба дивизии, была послана в распоряжение Третьего армейского пехотного ;0.05547758156874108;0.04064653496189765;0.05287719239922434;0.048856148727231534;0.04920823871119228;0.03980270286597009;0.04822150749312721;0.0748687695445132;0.04378210048672621;0.043617869889862465;0.04378556063260741;0.056592724645490367;0.03811114147915339
b1_p3_h9;Из этого после сделали подвиг. Крючков, любимец командира сотни, по его реляции получил Георгия. Товарищи его остались в тени. Героя отослали в штаб д;0.18869457031497827;0.15703961819135304;0.236184565478077;0.19146781283397596;0.15310731283306322;0.1954394592826109;0.20623131149816065;0.2630847933805507;0.19917935328935418;0.20019916246452749;0.1376707662437354;0.24212164431267205;0.17858984066027692
b1_p3_h10;Фронт еще не улегся многоверстной неподатливой гадюкой. На границе вспыхивали кавалерийские стычки и бои. В первые дни после объявления войны германск;0.045170636599997045;0.03860040893935204;0.046134507235154054;0.04676090514396842;0.049270307207757325;0.04155084590527787;0.04686206047383966;0.04681840315310492;0.041144964213574296;0.05123666837767551;0.037691344266469466;0.043031207686639185;0.039319285898197075
b1_p3_h11;Небольшая в сафьяновом, цвета под дуб, переплете записная книжка. Углы потерты и заломлены: долго носил хозяин в кармане. Листки исписаны узловатым ко;0.016173509725115137;0.01585976769591067;0.013673164006095235;0.021365746556807782;0.01565960879798292;0.018634587648695654;0.014317274066952226;0.015403339481478878;0.017275412210383354;0.015427433839885601;0.018908042642574414;0.01142069341960385;0.012205331308071094
b1_p3_h12;11-я кавалерийская дивизия после занятия Лешнюва с боем прошла через Станиславчик, Радзивиллов, Броды и 15 августа развернулась возле города Каменка-С;0.09964529187737788;0.14671308136990205;0.1595336257149034;0.13823761519951774;0.14451479657867955;0.14153048401931514;0.1420429071935376;0.10877982668986563;0.1634996563095567;0.08406344370411573;0.12708168765589245;0.18472411651762888;0.12232009474526062
b1_p3_h13;Операция по захвату города началась рано утром. Пехотные части, имея на флангах и в резерве кавалерию, должны были повести наступление от леса с рассв;0.07343250993998865;0.0721732049532757;0.08765217985538494;0.07477381499518485;0.06041914532827904;0.061693009989937084;0.0690323445867759;0.104576259611124;0.07467303891845839;0.05949323770213011;0.053384566457871624;0.09618535172401826;0.05162333386930569
b1_p3_h14;В первых числах августа сотник Евгений Листницкий решил перевестись из лейб-гвардии Атаманского полка в какой-либо казачий армейский полк. Он подал ра;0.06841582130566123;0.029348950092555646;0.05771386630801847;0.05202882677147633;0.06270581407490874;0.06330321551057982;0.06068232945685954;0.03399777548134393;0.03603728112153395;0.0599317804031901;0.034619714142907;0.08291704294113837;0.05514836372107839
b1_p3_h15;"Дивизия получила задание форсировать реку Стырь и около Ловишчей выйти противнику в тыл.
Листницкий за несколько дней сжился с офицерским составом пол";0.08113926906728615;0.03903380988470228;0.10954816579391548;0.05933803460351762;0.07749241285747993;0.07944931556125086;0.09320109400506155;0.04852569510917585;0.052358049504445836;0.09123699839806372;0.038835843259092076;0.09352310604856906;0.08543370274228378
b1_p3_h16;"Вместе со второй очередью ушла и третья. Станицы, хутора на Дону обезлюдели, будто на покос, на страду вышла вся Донщина.
На границах горькая разгорал";0.06871359758732784;0.05626532632146337;0.058868391292927175;0.054264688911179;0.057927848766706466;0.05683956179020945;0.05568277965625366;0.06809312752048953;0.052455699376932514;0.06036046147400875;0.04710684896998096;0.06942138725811933;0.05702628261078412
b1_p3_h17;Мелеховы на двенадцатый день после известия о смерти Григория получили от Петра два письма сразу. Дуняшка еще на почте прочитала их и — то неслась к д;0.07446360531709136;0.05807984236006503;0.08451598064824352;0.07260125160234733;0.08023755993586835;0.051703570150596845;0.06726353996719169;0.08448353125010535;0.06582208724672808;0.06127650200626881;0.05555515629309559;0.09066843251338765;0.06295278710209301
b1_p3_h18;Выметываясь из русла, разбивается жизнь на множество рукавов. Трудно предопределить, по какому устремит она свой вероломный и лукавый ход. Там, где ны;0.11805128356788992;0.14310280247226898;0.12577631329053274;0.12252044389613093;0.14486312052872144;0.0994772950464125;0.09678818058133902;0.16558549895568228;0.09441322265164638;0.1379352253578687;0.08777929143201783;0.10884448329606881;0.10257789894164715
b1_p3_h19;Война и из Ягодного повыдергала людей. Ушли Вениамин и Тихон, после них стало еще глуше, тише, скучнее. Вместо Вениамина прислуживала старому генералу;0.2126509610792583;0.17428783655571362;0.17142015222676096;0.19589917281224564;0.23041369684189372;0.1907882108888984;0.17917510991930843;0.2838747548942286;0.17042044825378058;0.2042821152103473;0.1528220780406651;0.16811062379650824;0.1707524107722705
b1_p3_h20;Ярко, до слепящей боли, вспомнилась Григорию та ночь. Он очнулся перед рассветом, повел руками, натыкаясь на колючее жнивье, и застонал от садной боли;0.07266575711014708;0.07574542534782981;0.07944171555816656;0.08248656467382667;0.09350480917386735;0.07627049910668586;0.07453693139334928;0.07320047014325959;0.08017291853377706;0.05902013785528136;0.07359903675271869;0.10764666632103095;0.0703911662431292
b1_p3_h21;Вагон мягко покачивает, перестук колес убаюкивающе сонлив, от фонаря до половины лавки желтая вязь света. Так хорошо вытянуться во весь рост и лежать ;0.20687244050026074;0.17450393357927818;0.2393803136625743;0.16767444049265656;0.16786877667505576;0.1979519998826349;0.1857269151267326;0.2646419877854687;0.17157820546285343;0.18713214344921264;0.1237030269613192;0.2051865931061598;0.16804504136936832
b1_p3_h22;На Юго-Западном фронте в районе Шевеля командование армии решило грандиозной кавалерийской атакой прорвать фронт противника и кинуть в тыл ему большой;0.07010867958277582;0.05557408973785169;0.07296304410569404;0.0661772565467874;0.07750281616493565;0.06678015071774737;0.07637216189591377;0.07066506884296218;0.06138574884693083;0.06527437003215868;0.06591701495172478;0.05889370775084112;0.06058824855514199
b1_p3_h23;"К глазной лечебнице доктора Снегирева примыкал маленький садик.
Таких неуютных стриженых садов много по окраинным переулкам Москвы, в них не отдыхает ";0.029422258053292863;0.03511098898061812;0.026858325220354105;0.02912713157950032;0.03225919612510554;0.027071040797518472;0.027831035884091807;0.03255294150194474;0.026435416918087432;0.029932125319145925;0.024721309884037874;0.036033832808918115;0.024874856638566464
b1_p3_h24;В ночь на 4 ноября Григорий Мелехов пришел в Нижне-Яблоновский, первый от станции казачий хутор Вешенского юрта. До имения Ягодного оставалось несколь;0.09477178481404107;0.07551269127511767;0.08773628458267972;0.07807270673857901;0.08038024155470963;0.09075431601361912;0.08175851577297112;0.10519194891369636;0.0828126526857948;0.09946900029710404;0.06776505041484172;0.09700116360111352;0.07485058300946446
b2_p1_h1;Тысяча девятьсот шестнадцатый год. Октябрь. Ночь. Дождь и ветер. Полесье. Окопы над болотом, поросшим ольхой. Впереди проволочные заграждения. В окопа;0.029188728010169418;0.023364129276864088;0.0313728800135404;0.03139927671827007;0.0318679302827743;0.03188843052453353;0.03065034650425399;0.02181620430991497;0.023292780726687622;0.02975134252631974;0.027751909495172405;0.03731290983974082;0.03135727050674459
b2_p2_h2;"На другой день утром смущенный вахмистр вошел в землянку Листницкого; помявшись, сообщил:
— Нынче утром казаки, ваше благородие, нашли в окопах вот эт";0.02744079544185587;0.013975799327345913;0.025871676536627194;0.016179612385251677;0.025165222654336017;0.02533325049413797;0.02883569128318481;0.011759473184445228;0.011533137644132281;0.022536279895024113;0.01560001974254043;0.02859086539620004;0.025228106370430395
b2_p3_h3;На Владимиро-Волынском и Ковельском направлениях, в районе действий Особой армии (армия была по счету тринадцатой, но так как 13 — цифра несчастливая,;0.026542011332242498;0.027864878616332765;0.02698550684742719;0.03341727393029654;0.025048688435565604;0.0358103919690696;0.03022253727712073;0.03550870550953539;0.02493886979086785;0.02465250835316363;0.03238152362254879;0.026794005584471325;0.024946986587079993
b2_p4_h4;Верст на сорок ниже по Стоходу шли бои. Две недели неумолчно стонал сплошной орудийный гул, по ночам далекое фиолетовое небо кромсали отсветы прожекто;0.02453407621665527;0.033935265478669006;0.039229200841367884;0.0361289779641593;0.035731998928367974;0.04007519314705793;0.03825624744889289;0.02725883096477874;0.03574440181638632;0.02860756764997181;0.033547292009677696;0.04484029462817305;0.03441112053860305
b2_p5_h5;Сбочь хутора Татарского, по небу, изморщенному седой облачной рябью, колесило осеннее солнце. Там, вверху, тихий ветерок лишь слегка подталкивал тучи,;0.0248536709012026;0.02251289175644385;0.02069166732407657;0.016526408068799184;0.02547615307687297;0.018072424081391907;0.01774634506123635;0.02742514824290484;0.015790232027916084;0.030685194120593916;0.018850568581730804;0.018288211890935973;0.020971496597343105
b2_p6_h6;В ноябре в обним жали морозы. Ранний перепадал снежок. На колене против верхнего конца хутора Татарского стал Дон. По хрупкому сизому льду перебиралис;0.046701094909845205;0.0417001700157518;0.03653963644331023;0.03954080080950628;0.04388878195750922;0.04184078064184603;0.0402325276725526;0.05279731127936615;0.031206239648692777;0.04005199982499334;0.028411623808430053;0.05054568419010848;0.035297327825444945
b2_p7_h7;Маленькими смуглыми руками, покрытыми редким глянцем волоса, щупал Сергей Платонович Мохов жизнь со всех сторон. Иногда и она с ним заигрывала, иногда;0.03211859024391696;0.060809419415422124;0.05125939883870462;0.061263687777963385;0.05649207526198062;0.05974079344797247;0.020886398771458856;0.06386090676033565;0.062296300740299806;0.05090363091023812;0.05245322947233792;0.0240343530971884;0.05306136675157006
b2_p8_h8;Первую бригаду одной из пехотных дивизий, находившуюся в резерве Юго-Западного фронта, с приданным к ней 27-м Донским казачьим полком, перед Февральск;0.014454473741639608;0.02177107882585993;0.017634033215621674;0.02024159076017394;0.01229111341959623;0.016055581300306328;0.0133428924953377;0.017722756350829597;0.014084552244514293;0.016911292907805808;0.01705174625527466;0.014516307124600336;0.01787188378244644
b2_p9_h9;Через сутки полк был уже неподалеку от фронта. На узловой станции эшелоны остановили. Вахмистры разнесли приказ: «Выгружаться!» Торопливо сводили каза;0.12355238198706057;0.09281885313130515;0.09907848769518193;0.09800195130755653;0.10043407508039481;0.08460049230206053;0.09143128318745375;0.11610587886614056;0.09169492715373867;0.09548191308386293;0.08124877714178948;0.09273242562471322;0.08389970600092987
b2_p10_h10;По возвращении из отпуска есаул Евгений Листницкий получил назначение в 14-й Донской казачий полк. В свой полк, в котором служил раньше и из которого ;0.027788492132375033;0.01500173579410585;0.02959287885108949;0.015527267321105383;0.027798270193909992;0.02304243349920781;0.02472214855366007;0.011834886334094746;0.013914711241682224;0.023255592349091594;0.019578526810020543;0.02980805117340143;0.03004812825428311
b2_p11_h11;Назначение генерала Корнилова главнокомандующим Юго-Западного фронта встречено было офицерским составом 14-го полка с большим сочувствием. О нем говор;0.017874917377885744;0.01391673813625647;0.02342953213699905;0.016602578565614;0.021442181726082792;0.020875951085188582;0.019906924384808858;0.01120229460107738;0.01563709393189493;0.02189765735260192;0.015188174742104214;0.01725979992027631;0.01770909064582882
b2_p12_h12;В сотне Листницкого был казак Букановской станицы Лагутин Иван. По первым выборам он прошел в члены полкового Военно-революционного комитета, до прихо;0.04076459941758747;0.013325267153096476;0.04031256012105347;0.01564858551623121;0.04120638328952981;0.03353691278892563;0.038471721581934286;0.009522648641125297;0.013388017114010995;0.03438408007831388;0.013704707662567005;0.035825549870882406;0.03694940671406355
b2_p13_h13;6 августа начальник штаба верховного главнокомандующего генерал Лукомский, через первого генерал-квартирмейстера Ставки генерала Романовского, получил;0.04481126242226591;0.045217284405090825;0.052912750581027936;0.060937943682278214;0.041490998611500754;0.040942966120566096;0.041835034245701744;0.04376830700574968;0.050593422261679635;0.044611338507864376;0.056181115546384164;0.04222343976881578;0.047653518127752495
b2_p14_h14;За день до приезда Корнилова в Москву есаул Листницкий прибыл туда с поручением особой важности от Совета союза казачьих войск. Передав в штаб находив;0.05156894650690051;0.04463600233118185;0.040063068517865896;0.051902428314483565;0.03842033923395464;0.05109377698677986;0.0462425817361726;0.03802362108496512;0.03935836874864322;0.03245412026469645;0.03949165179697077;0.03971598305082432;0.037401459487392326
b2_p15_h15;В версте от развалин местечка, стертого орудийным огнем июньских боев, возле леса причудливо вилюжились зигзаги окопов. Участок у самой опушки занимал;0.030357366864110398;0.028601760503985243;0.03344574774834228;0.029053884189091404;0.024562766406325674;0.029118170498370666;0.027141773101475752;0.030307757764102817;0.028252069572042727;0.026744350468875043;0.03005406659275769;0.02226228782281212;0.022960843143439755
b2_p16_h16;"Уже 29 августа из телеграмм, получаемых от Крымова, Корнилову стало ясно, что дело вооруженного переворота погибло.
В два пополудни в Ставку прибыл от";0.12892742600474172;0.09692070073419816;0.15889136048401176;0.13241250714857433;0.12004850906220554;0.11078834474081914;0.1440107254533109;0.16242711077886057;0.12376600298383454;0.10622042249781503;0.0981234000923559;0.1582351657566267;0.1140992209977074
b2_p17_h17;Кинутые на Петроград части 3-го конного корпуса и Туземной дивизии эшелонировались на огромном протяжении восьми железных дорог: Ревель, Везенберг, На;0.006546333611070905;0.009698632074943592;0.006858082366334321;0.012378062175328889;0.008752417622656229;0.011680167429682848;0.007523669730199232;0.006925813891829848;0.00985817629161507;0.01007399500851609;0.011530194597544076;0.006968464279975247;0.009590146394226074
b2_p18_h18;"31 августа в Петрограде застрелился вызванный туда Керенским генерал Крымов.
С повинной потекли в Зимний дворец делегации и командиры частей крымовско";0.12705814569058899;0.11158332043811656;0.15665484257798187;0.11655467237709935;0.08914363953073312;0.11601575422455696;0.13912921522340546;0.12653882798415259;0.1353826214807662;0.13294422634206238;0.1300006224697706;0.14228134639815043;0.12808327034878078
b2_p19_h19;В последних числах октября, рано утром, есаул Листницкий получил распоряжение от командира полка — с сотней в пешем строю явиться на Дворцовую площадь;0.020454818945768623;0.02740995274940704;0.026087111293783095;0.02411873624077297;0.021292958233034592;0.02532916921369413;0.028064679386317095;0.027497593771579846;0.028212360442321588;0.028086316777159424;0.02616755303802229;0.02653296617327469;0.023144370920136978
b2_p20_h20;Теплилась осень. Перепадали дожди. Над Быховом редко показывалось обескровленное солнце. В октябре начался отлет дикой птицы. Даже ночами звенел над п;0.023026653373520996;0.0197770627330414;0.027893895535374313;0.019740683767683526;0.022629254645013586;0.018031792577808636;0.02311141384240831;0.020680160559093358;0.018612005995759566;0.02103734778492153;0.018820556451515737;0.024237055010538078;0.015939640178465796
b2_p21_h21;Полк отступал вторые сутки. Медленно, с боями, но отступал. По возвышенным грунтовым дорогам тянулись обозы русской и румынской армий. Объединенные ав;0.014924555770192964;0.022390330648639448;0.023200393755239742;0.023910824889909452;0.015860678684142544;0.024685006372985548;0.024949885172510722;0.016260761916992866;0.025261205515244904;0.021382730405337946;0.022006888289559514;0.0154391808555701;0.023392772999852054
b2_p22_h22;Полая вода только что начала сбывать. На лугу, около огородных плетней, оголилась бурая, илистая земля, каймой лежал наплав: оставшиеся от разлива обл;0.041739258312466644;0.04321411016555394;0.0337999452796762;0.04293510446561681;0.04217932828098434;0.05067589845593216;0.04713774618018189;0.05448172051302996;0.041229173723774555;0.05171861690651934;0.03586497317039059;0.0436247076191434;0.04188101793593184
b2_p23_h23;После ухода Кошевого казаки сидели некоторое время молча. Над хутором шатался набатный гуд, мелко дребезжали оконца хаты. Иван Алексеевич смотрел в ок;0.01815590707092463;0.01896915280328754;0.015525396701770361;0.02250272907680965;0.020721705280592265;0.01401596342712444;0.018262726498409702;0.019885111270299807;0.02068533041710389;0.021566662157259577;0.016436040413876033;0.02097532290616931;0.020967251150317237
b2_p24_h24;В Каргинскую приехали перед вечером. В станице уже не было фронтовиков — ушли на Мигулинскую. Петро, спешив свой отряд на площади, возле магазина купц;0.03661084787548087;0.028535590294437592;0.031240278003411736;0.0318794750710757;0.041486841195721665;0.03222111499486888;0.023846279998442712;0.030978823142934018;0.03025447247414652;0.030045621679958893;0.02722302392017508;0.0257129632173537;0.03140737748247134
b2_p25_h25;Номерным у Бунчука был казак с хутора Татарского Максимка Грязнов. Коня потерял он в бою с кутеповским отрядом, с той поры безудержно запил, пристраст;0.14077054670198677;0.1692489856023441;0.15383752741669268;0.14250732706113142;0.15330121368282573;0.12431644255743839;0.15697665941102265;0.1899456991618151;0.1302294129406191;0.138729769917076;0.1290011554523835;0.14814853106560666;0.11204247409494365
b2_p26_h26;Эти дни он жил, как в тифозном бреду. Ходил, делал что-то, ел, спал, но все это словно в полусне, одуряющем и дурманном. Ошалелыми припухлыми глазами ;0.039819126541623645;0.05029240664933262;0.04459043532398538;0.04803136551549152;0.04500392735634296;0.04281485203032533;0.040477186225301595;0.04445469256802933;0.033047193502952085;0.04152959957826479;0.04298477728407549;0.03874651101173233;0.04330847013597445
b2_p27_h27;Несколько дней экспедиция шла в глубь Донецкого округа, прорываясь к Краснокутской станице. Население украинских слобод встречало отряд с неизменным р;0.03654317673610598;0.032383740996948907;0.03783352574862341;0.029695265618956822;0.04865634319942824;0.03052506871874036;0.03787422153426429;0.03963905719751162;0.03191461917632719;0.03539527185698177;0.03100177600066654;0.03772101180206325;0.0325124456476258
b2_p28_h28;На западе густели тучи. Темнело. Где-то далеко-далеко, в полосе Обдонья, вилась молния, крылом недобитой птицы трепыхалась оранжевая зарница. В той ст;0.015122704146319282;0.012985903161471255;0.010377732186763402;0.011962961407501395;0.014978428236803641;0.015252623419160814;0.00833877357672325;0.014206638621931719;0.01305954157591033;0.010978105533133662;0.013761500477767162;0.010353872160904751;0.013973158020555156
b2_p29_h29;В ночь эту, обрызганную молочным светом бледно-желтых звезд, в лавчушке, набитой людьми до отказа, почти не было сна. Короткие гасли разговоры. Духота;0.07943406155453075;0.05697542119251292;0.06955838467502323;0.0795738315520648;0.07735700160549171;0.0752654224123181;0.06439246198167164;0.0991922868736574;0.08203628528655729;0.08801941387194619;0.05502903808127858;0.08149585196028544;0.06216489591818278
b2_p30_h30;"Отряд татарских казаков под командой хорунжего Петра Мелехова прибыл в хутор Пономарев 11 мая на рассвете.
По хутору сновали казаки-чирцы, вели на вод";0.025120444402656802;0.02785178971391263;0.025506445026209898;0.02794519889324564;0.027937627611841633;0.023102179171248606;0.022316684210475293;0.026277279615925443;0.026892906782242692;0.022693539343567097;0.027998657793938883;0.023106763599993987;0.024219962709217762
b2_p31_h31;Мишка Кошевой и Валет только на вторую ночь вышли из Каргинской. Туман пенился в степи, клубился в балках, ник в падинах, лизал отроги Яров. Опушенные;0.06711754299153673;0.06443663791998472;0.08989636991483384;0.06439036737959712;0.07045024910179838;0.062137761823801166;0.0630085729825449;0.10029270605800408;0.07859950304216319;0.08356740008318346;0.061491975978455155;0.0639666852675542;0.06730294286167274
b3_p1_h1;"Как ты, батюшка, славный тихий Дон,
Ты кормилец наш, Дон Иванович,
Про тебя лежит слава добрая,
Слава добрая, речь хорошая,
Как, бывало, ты все быстер";0.2834559717615673;0.2561161506694624;0.3411206798031255;0.2950194631901404;0.2526395997692131;0.23208956251425802;0.32633074815970514;0.4043853871911126;0.2824414052530295;0.27315833982452664;0.21164498559958833;0.3406923504927668;0.2448052151699989
b3_p2_h2;С Дона через Украину катились красные составы вагонов, увозя в Германию пшеничную муку, яйца, масло, быков. На площадках стояли немцы в бескозырках, в;0.018411550255032688;0.01465938734080926;0.01494363025649902;0.015322523431107767;0.020967062119701667;0.017874847405046204;0.015024472632503384;0.016562562075710986;0.013996399739165949;0.01811411945517943;0.015681087966467534;0.01616180615881343;0.015532569945573537
b3_p3_h3;Неделю отдыхал Мишка, целые дни проводя в седле. Степь его покоряла, властно принуждала жить первобытной, растительной жизнью. Косяк ходил где-нибудь ;0.15504136405157226;0.14086511518869008;0.15339746374860624;0.13415543438505734;0.17556723319314485;0.15288294025418472;0.15104167569202237;0.18400970321312352;0.14885802714051818;0.16431019601388122;0.1259610146257402;0.17563583893738421;0.1823617440376494
b3_p4_h4;15 мая атаман Всевеликого войска Донского Краснов, сопутствуемый председателем совета управляющих, управляющим отделом иностранных дел генерал-майором;0.008509804579623827;0.006448048957126631;0.0063462400364738695;0.007866098094667753;0.00735549981876845;0.006809980175091519;0.006168911675123663;0.005130367707254287;0.007467671804508198;0.007441011392189539;0.005941879704999095;0.005129684964500522;0.005977473021838238
b3_p5_h5;Во время ледяного похода 60 Евгений Листницкий был ранен два раза: первый раз — в бою за овладение станицей Усть-Лабинской, второй — при штурме Екатер;0.04918301701951457;0.020682377542478463;0.0402874633161672;0.026857061201174082;0.04886714821742896;0.049377003953071916;0.03824398790638823;0.024917291123563664;0.027600060131656896;0.05278116569654136;0.029854791940490368;0.04222813066680287;0.045910021817693346
b3_p6_h6;Вызрел ковыль. Степь на многие версты оделась колышущимся серебром. Ветер упруго приминал его, наплывая, шершавил, бугрил, гнал то к югу, то к западу ;0.05066403920436042;0.04468861801001825;0.045860195076910734;0.049592879038113005;0.05573117954236726;0.054603233083102526;0.049103023646265474;0.0828255098111713;0.05714472205775831;0.056145201606971964;0.04667504353751881;0.06112807431360858;0.056091069988903806
b3_p7_h7;"По линии Филоново — Поворино выравнивался фронт. Красные стягивали силы, копили кулак для удара. Казаки вяло развивали наступление; испытывая острую н";0.052546386571984925;0.045342326919575196;0.047474270129066576;0.04083165233325378;0.05359299278426028;0.0475377659605228;0.04090012068699845;0.06293828828273577;0.04062768470980383;0.056802749120991085;0.046342180664805006;0.04914784711368659;0.03809385204816775
b3_p8_h8;"Неподалеку от станицы Дурновской Вешенский полк в первый раз ввязался в бой с отступавшими частями красноармейцев.
Сотня под командой Григория Мелехов";0.022102060005204243;0.019829755026924113;0.022913013434100606;0.01898241924744196;0.02102289790392283;0.024490235472121806;0.02370693376374345;0.02122874616250176;0.023059050139971515;0.024754851645466404;0.021118920139657067;0.021402556847697665;0.014928104763598864
b3_p9_h9;И после, когда полк вступил в полосу непрерывных боев, когда вместо завес уже лег изломистой вилюжиной фронт, Григорий всегда, сталкиваясь с неприятел;0.026037215787902624;0.028212856393901142;0.025254961490264093;0.028068412455360334;0.030054341277129075;0.026667669568517176;0.026737484476676787;0.023074285153756924;0.024693497140502164;0.025602724084231514;0.022978043961831326;0.025275695049576573;0.025907229723386667
b3_p10_h10;Цепь дней. Звено, вкованное в звено. Переходы, бои, отдых. Жара. Дождь. Смежные запахи конского пота и нагретой кожи седла. В жилах от постоянного нап;0.02148078858937931;0.018046066112450656;0.02087302020699598;0.024628429302955536;0.01821179774847355;0.0207687705489503;0.021395630645800422;0.02069758226522636;0.019194681785822693;0.02085764371807792;0.0174213950490195;0.016373638369878256;0.014025402500843564
b3_p11_h11;В конце ноября в Новочеркасске стало известно о прибытии военной миссии держав Согласия. По городу пошли упорные слухи о том, что мощная английская эс;0.010526875016741688;0.009461221563074157;0.010810982074443025;0.009956114308717748;0.009563975999303658;0.010907500091490748;0.010454786915218185;0.012365934849969102;0.010558422949092872;0.010319630993906986;0.009019686646050842;0.009340300807130967;0.010639617758858532
b3_p12_h12;Враждебность, незримой бороздой разделившая офицеров и казаков еще в дни империалистической войны, к осени 1918 года приняла размеры неслыханные. В ко;0.07365924663098733;0.05949035608528513;0.058610013836201395;0.06806774848476897;0.05971708550074779;0.04808425729817279;0.05851684614132418;0.07653379595233287;0.04972168611498948;0.05515277718082655;0.05683100105553461;0.06123324563053967;0.05585682164585927
b3_p13_h13;Пугающие тишиной, короткие дни под исход казались большими, как в страдную пору. Полегли хутора глухой целинной степью. Будто вымерло все Обдонье, буд;0.02312810408215565;0.021985103274672752;0.022894182343364468;0.026376342972472856;0.024248687638397576;0.02066342786793779;0.019216047126866878;0.025434760716359667;0.026870194815828887;0.025727899608109308;0.02327237702119557;0.022105556291433206;0.023166372692957713
b3_p14_h14;В Вешенской на заборах трепыхались фоминские приказы. С часу на час ждали прихода красных войск. А в Каргинской, в тридцати пяти верстах от Вешенской,;0.11302920865113548;0.08274587009929953;0.10551920581537272;0.12058734317206515;0.09764010162692266;0.11768349697034385;0.10229216884730005;0.11699674609667629;0.12322113443311344;0.0972914339212185;0.09804008731950666;0.11339871214367479;0.10713973728143068
b3_p15_h15;"Решение не отступать вновь вернуло в глазах Пантелея Прокофьевича силу и значимость вещам.
Вечером вышел он метать скотине и, уже не колеблясь, надерг";0.029227749091704905;0.026007952229119766;0.026750224396617294;0.02395780010029197;0.031227238745901793;0.031490232776083926;0.026900396258796797;0.037644653815005286;0.028797164455304034;0.03466613171917429;0.02490050710229425;0.023403283602952924;0.031279475261889754
b3_p16_h16;"Далеко за Доном — время перевалило уже за обед — пулемет глухо выщелкал две очереди и смолк.
Через полчаса Григорий, не отходивший от окна в горнице, ";0.026543685481323367;0.024865738640051573;0.02465324253120013;0.02387831483219519;0.029270026685712592;0.024426424473992972;0.018711459276974384;0.027662134094967754;0.02334859509818184;0.028623733086644072;0.022770313860580805;0.0245168640774409;0.022237608166612452
b3_p17_h17;В полдень через хутор спешным маршем прошел 6-й Мценский краснознаменный полк, захватив кое у кого из казаков строевых лошадей. За бугром далеко погро;0.04603947272518029;0.0350218609688002;0.03817703907674854;0.04079043523480509;0.035471069659233495;0.04119076290991195;0.03040046929353794;0.04944790356698196;0.04466060018529409;0.038396030928250974;0.03178572779806622;0.035729861073002175;0.03995361105227531
b3_p18_h18;Фронт прошел. Отгремели боевые деньки. В последний день пулеметчики 13-го кавполка перед уходом поставили на широкоспинные тавричанские сани моховский;0.04171243034865243;0.04721886085670995;0.04157775402877332;0.04090320779029955;0.04214480621313745;0.03692299181114772;0.037896541061190385;0.05331822307264107;0.043901481044662245;0.04396667525969059;0.039649310251630376;0.044248802462313275;0.03622730542931725
b3_p19_h19;Казакует по родимой степи восточный ветер. Лога позанесло снегом. Падины и яры сровняло. Нет ни дорог, ни тропок. Кругом, наперекрест, прилизанная вет;0.01088583501233398;0.010853807269870303;0.009144432892770215;0.009250426819937308;0.012771815728009948;0.01065586879897567;0.007518019683691038;0.010578458251076605;0.008352118449053278;0.010918100140256818;0.006869641012998158;0.006171113967277785;0.010001123052540023
b3_p20_h20;В конце января Иван Алексеевич выехал в Вешенскую по вызову председателя окружного ревкома. К вечеру он должен был вернуться. Его ждали. Мишка сидел в;0.05504128724049519;0.06309068147051713;0.05751025275087128;0.06275155534649929;0.05583010142164529;0.062022045846942334;0.05433471131447303;0.07358696177284546;0.07146978483670341;0.06081347623607267;0.04660241915212226;0.06074931929891878;0.05898522299004052
b3_p21_h21;Снег падал и таял на лету. В полдень в ярах с глухим шумом рушились снежные оползни. За Доном шумел лес. Стволы дубов оттаяли, почернели. С ветвей сры;0.10138685035545802;0.10741321081771193;0.10282322998660473;0.09613274138018828;0.1234395395780433;0.09897362580931984;0.11744202268591336;0.12805604983047286;0.09525909878650193;0.10412856074427167;0.061103441210408165;0.12089085952345487;0.09475419324267884
b3_p22_h22;Вокруг хуторского ревкома сгруппировалось несколько человек: Давыдка-вальцовщик, Тимофей, бывший моховский кучер Емельян и рябой чеботарь Филька. На н;0.038869256259493175;0.03865831486691566;0.03171843398573531;0.03531133271111108;0.035880387906620036;0.03173781831806194;0.025782436057251206;0.038916319544787865;0.029512395426539325;0.03125784210965159;0.02776987212348662;0.0346391151692878;0.035571036926391804
b3_p23_h23;"Петро только что наметал скотине и вошел в курень, выбирая из варежек сенные остья. Сейчас же звякнула щеколда в сенцах.
Закутанная в черный ковровый ";0.09314649432466379;0.08839171102253432;0.08836604647330472;0.08945416390044815;0.10101739132417376;0.07495530781421876;0.06630638930819546;0.12396908640268937;0.09103825724677213;0.10582488245289685;0.07209155344210408;0.09326853784569573;0.09040563666057008
b3_p24_h24;Из глубоких затишных омутов сваливается Дон на россыпь. Кучеряво вьется там течение. Дон идет вразвалку, мерным тихим разливом. Над песчаным твердым д;0.010155933205781491;0.012270466608790626;0.009661556043875391;0.010687027953184573;0.01009957646042931;0.010337233759196011;0.00916373397337708;0.012570659661235906;0.01122073405001019;0.010245701480275114;0.009450287351176189;0.008444974073815722;0.01057659656684942
b3_p25_h25;Кошевой, задумчиво похлопывая плеткой по голенищу, уронив голову, медленно всходил по порожкам моховского дома. Около дверей в коридоре, прямо на полу;0.14458839441494326;0.18587430210926548;0.1636355739207079;0.1784823767923864;0.12528105721993169;0.15804596656558298;0.17414558965774043;0.2457437922346344;0.15244930883542143;0.16355183468557077;0.17206990856814008;0.1879453398239607;0.15896193559560567
b3_p26_h26;Григория заставили из Боковской ехать в Чернышевскую. Вернулся он через полторы недели. А за два дня до его приезда арестовали отца. Пантелей Прокофье;0.28657430909153303;0.21790153523001882;0.2396774212328117;0.2781574820476302;0.22579354813398214;0.18860108521295557;0.25158173954362567;0.3045523715924153;0.24562810974160326;0.23104444657733417;0.18721833675689076;0.30810350090051936;0.2069535566328109
b3_p27_h27;На второй день после приезда с Сингина Кошевой отправился в Вешенскую узнать, когда будет собрание комячейки. Он, Иван Алексеевич, Емельян, Давыдка и ;0.07716723715161948;0.06849555736324157;0.07535253177751976;0.06304615255515332;0.0663331114934644;0.07135152380611502;0.08866196512662941;0.11814437226747514;0.06267413726388535;0.08009011230553371;0.0767920701745727;0.08853460725581895;0.0696376216518106
b3_p28_h28;В кизячнике густо пахнет сухим навозом, выпревшей соломой, объедьями сена. Сквозь чакановую крышу днем сочится серый свет. В хворостяные ворота, как с;0.032766216943925695;0.02912281168571943;0.03175025078503618;0.02927740316755539;0.029346752092915908;0.03142877863492211;0.02709645562532671;0.038344405750034734;0.030769144173545072;0.03301228529070578;0.021250229108043826;0.032090141353087576;0.03400061453281454
b3_p29_h29;На рассвете, измученный, Кошевой въехал в хутор Большой Усть-Хоперской станицы. Его остановила застава 4-го Заамурского полка. Двое красноармейцев отв;0.3259163210728567;0.3018142017421932;0.3671256324388685;0.27793354375883;0.2413088564158064;0.34636547811914975;0.28753561099134534;0.42652224908167186;0.37356025753885336;0.3213698757896866;0.22193577307948012;0.3789523943679948;0.3378560161500207
b3_p30_h30;В Татарском в день приезда Григория уже сформировались две сотни казаков. На сходе постановили мобилизовать всех способных носить оружие, от шестнадца;0.08477577117021358;0.07122794486696243;0.08198800899821165;0.07399288484702678;0.06724905535105863;0.06456890989496433;0.08267918584319761;0.08099487597092413;0.09869933473730709;0.09119187683663067;0.05283471355980321;0.08870988381541266;0.06016649625737089
b3_p31_h31;В Вешенской к красному кирпичному зданию исполкома резво подкатила тачанка, конвоируемая двумя конными казаками. В задке полулежал Лихачев. Он встал, ;0.10739426191784729;0.11980497960845593;0.12696968328397537;0.11540036906331674;0.12552708233450602;0.11588522341436074;0.1380297039515302;0.16900265478306703;0.12886809169103236;0.1049784298292374;0.0990280137668265;0.1273639427571489;0.13125212350552662
b3_p32_h32;Из-за Дона, с верховьев, со всех краев шли вести о широком разливе восстания. Поднялось уже не два станичных юрта. Шумилинская, Казанская, Мигулинская;0.022257445750682833;0.019326296274750923;0.024954943512740503;0.027985274565342916;0.022570444316613366;0.023537417188834977;0.021957739880348718;0.02081152082761359;0.02218552783062004;0.027019748691981146;0.023613058558169617;0.02499086088863154;0.01798325299106714
b3_p33_h33;Григорий с полусотней потрепал обоз первого разряда заамурцев. Восемь красноармейцев было зарублено. Взято четыре подводы с патронами и две верховые л;0.12924877989278344;0.08155636992561362;0.0876922305709651;0.09524264466390343;0.11403567192898746;0.07635955761631444;0.0793535061382787;0.10918493865197301;0.09125261244924439;0.10323165963695119;0.0765683653011782;0.0890919969659682;0.08008548786237189
b3_p34_h34;На заре разведка, посланная к Красному яру, вернулась с известием, что красных не обнаружено до Еланской грани и что Петро Мелехов с десятью казаками ;0.13033155399403062;0.09819173509482611;0.14271405296146034;0.0881486526662522;0.12467143873284536;0.08472020844376667;0.08647418484077705;0.16523285298047583;0.09479784731034324;0.1377904861335997;0.10764353964672681;0.13202061767549905;0.09280298345940756
b3_p35_h35;Приказом командующего объединенными повстанческими силами Верхнего Дона Григорий Мелехов назначен был командиром Вешенского полка. Десять сотен казако;0.10820179796073905;0.10360376210344388;0.1155403584779343;0.12250170181172523;0.12397326204056731;0.10607010979150992;0.1254400256310973;0.15211424257966383;0.10120591288706074;0.1167054077847898;0.09331860333839745;0.13162439455732625;0.0762678792093118
b3_p36_h36;Из Каргинской Григорий повел на Боковскую уже три с половиной тысячи сабель. Вдогон ему штаб и окрисполком слали нарочными приказы и распоряжения. Оди;0.03682694206188293;0.03291186002278015;0.04010834999369213;0.044441561319464536;0.03603183086392103;0.03577532553266746;0.03817995260012501;0.038697308624095754;0.040713980360428184;0.04215256590123963;0.03526086441974479;0.03988889045223064;0.03588784104172228
b3_p37_h37;Весна отворяла жилы рек. Ядренее становились дни, звучнее нагорные зеленые потоки. Солнце приметно порыжело, слиняла на нем немощно-желтая окраска. Ос;0.07575722459529229;0.060346356267578595;0.07219355546433755;0.05715721286403961;0.0805768867065017;0.05323977526239204;0.06872013091743152;0.07753970194279482;0.07238160067242186;0.05756684167743949;0.0403556111793442;0.073867823982949;0.05122933206123496
b3_p38_h38;Полой водой взбугрилось и разлилось восстание, затопило все Обдонье, задонские степные края на четыреста верст в окружности. Двадцать пять тысяч казак;0.006916211753092507;0.006878687484837219;0.006589706899393717;0.007027642602431212;0.0076905360210329805;0.00780753981267009;0.005506243355733465;0.005598858557338718;0.006351788282173799;0.007179580572762734;0.006353038649612282;0.006620327400224849;0.007429980396543133
b3_p39_h39;После бегства из Татарского Штокман, Кошевой, Иван Алексеевич и еще несколько казаков, служивших милиционерами, пристали к 4-му Заамурскому полку. Пол;0.0013822035589070858;0.001399927019277692;0.0010323457034847779;0.0013842733278381096;0.0015701836521257702;0.0016901979998270864;0.000983033028644474;0.000979156012806579;0.0011845429186547072;0.0016908132381181034;0.0016175874176340554;0.0007960901406893239;0.001191148037821544
b4_p1_h1;Верхнедонское восстание, оттянувшее с Южного фронта значительное количество красных войск, позволило командованию Донской армии не только свободно про;0.03489189962307828;0.029961235441019734;0.03135391115959544;0.022665093161570858;0.03655753384451239;0.03665543755401007;0.027907169320919196;0.0392327515652043;0.02597225560353032;0.04160527681767129;0.025212824710048678;0.018302850120629252;0.02661048828043776
b4_p2_h2;"В эту ночь около хутора Малого Громчонка полк красноармейцев переправился через Дон на сбитых из досок и бревен плотах.
Громковская сотня была застигн";0.05570900412440688;0.04254109108644532;0.042250193553145035;0.04392882248969264;0.046041885179656517;0.05348914354211404;0.04655648526925608;0.0513402962299619;0.04303146962732082;0.054016683571111036;0.040456052936366504;0.042058239104135024;0.038486410918151394
b4_p3_h3;"Поздно ночью Григорий пришел из штаба на квартиру. Прохор Зыков ожидал его у калитки.
— Про Аксинью не слышно? — спросил Григорий с деланным равнодуши";0.01980859987675617;0.014921483826351922;0.019732901266257787;0.020975168810343087;0.018888265209331657;0.017482723120513508;0.01712154954115113;0.016649049627945178;0.018125430243799343;0.020468730255519388;0.021501688454941693;0.01846524518908823;0.02200000624411009
b4_p4_h4;Каждый день Ильинична просыпалась чуть свет, доила корову и начинала стряпаться. Печь в доме не топила, а разводила огонь в летней кухне, готовила обе;0.03433326063624793;0.040978210633357985;0.034130572884673686;0.03592973918203358;0.029685815156244456;0.034720719534368887;0.028441446666363602;0.042231378907271785;0.02918775618883182;0.0396453254884257;0.02276630353629691;0.022827707486010484;0.031304512806751575
b4_p5_h5;Под командованием генерала Секретева трехтысячная конная группа Донской армии при шести конных орудиях и восемнадцати вьючных пулеметах 10 июня сокруш;0.04277176169582433;0.043633998941739555;0.056845749801998954;0.05499784073875627;0.05101178075162316;0.04079039772616458;0.04898029158855241;0.05238145198855676;0.04428593884012631;0.03718392129987674;0.0494350076605116;0.06008812120012714;0.04027000392582782
b4_p6_h6;Тотчас же, как только в Вешенской стало известно о спешном отступлении красных частей, Григорий Мелехов с двумя конными полками вплавь переправился че;0.03241692350953295;0.039740918502443476;0.04293490127915148;0.040104307511368904;0.04793620228849387;0.03569008201993285;0.04107450907263061;0.04532806736991635;0.037022362206640104;0.042576523022646834;0.04027189585208566;0.038249368378239966;0.03556165213844791
b4_p7_h7;Генерала Секретева, приехавшего в Вешенскую со штабными офицерами и сотней казаков личного конвоя, встречали хлебом-солью, колокольным звоном. В обеих;0.008694560917172835;0.009395474522338545;0.009435121160597222;0.009230176544450413;0.01071766497555497;0.009075774288862604;0.007958385599569887;0.009895419350989879;0.00797889243227695;0.011373179115451944;0.009187557472362598;0.011009136651075299;0.009543890804908861
b4_p8_h8;Темны июньские ночи на Дону. На аспидно-черном небе в томительном безмолвии вспыхивают золотые зарницы, падают звезды, отражаясь в текучей быстрине До;0.03649984847700191;0.03316810235924404;0.028190966416687443;0.02937412521992474;0.03964166839131494;0.034910644914318;0.02432075639268692;0.03518497186027282;0.027256224320645315;0.04718292104765412;0.026071351021426145;0.03456151902200499;0.028248801154388416
b4_p9_h9;"Бой шел на подступах к станице Усть-Медведицкой. Глухой орудийный гул заслышал Григорий, выбравшись с летника на Гетманский шлях.
Всюду по шляху видне";0.02746303622992912;0.024037037197574045;0.025199174864368255;0.03430485363975448;0.02452045025928454;0.028325749672219853;0.028104800616809877;0.027659922937401365;0.030465320618500775;0.02605821291768498;0.025756118628649842;0.02607942660797524;0.021772698320571438
b4_p10_h10;"На рассвете его разбудил Копылов.
— Вставай, пора собираться, ехать! Приказано ведь быть к шести часам.
Начальник штаба только что побрился, вычистил ";0.03867324011862462;0.037378928683491214;0.033513771936287094;0.04539702584995562;0.04051184362406921;0.0407615660951122;0.03732438084327617;0.044111479283681566;0.04096711047402618;0.03786160183173644;0.03545281454721976;0.042596896579938925;0.03781162486431882
b4_p11_h11;Казачьи сотни четвертый раз вставали из неглубоких окопов и под убийственным пулеметным огнем красных залегали снова. Красноармейские батареи, укрытые;0.05848762371637688;0.046600214301485685;0.056888710058287405;0.0691038710487441;0.050035735344600325;0.055249445136461704;0.060532563864291546;0.06265465368352012;0.05343268054344375;0.05943204927996374;0.058314861814828874;0.050310523495823295;0.046947067058213186
b4_p12_h12;Дня через три после отъезда Григория явился в хутор Татарский Митька Коршунов. Приехал он не один, его сопровождали двое сослуживцев по карательному о;0.01957185029349229;0.016891438311824086;0.017142615668042042;0.015655798112082557;0.018551752705635107;0.01638979763804127;0.013338230525953685;0.017579082895704284;0.015411368475873863;0.02083112724218211;0.017883505458219266;0.014531063795008852;0.015597136688070935
b4_p13_h13;Удивительно, как изменилась жизнь в семье Мелеховых! Совсем недавно Пантелей Прокофьевич чувствовал себя в доме полновластным хозяином, все домашние е;0.03374189891451977;0.04686256404415633;0.047459869422720964;0.04424236133074638;0.050561558745171556;0.04296641512235559;0.0320869434047455;0.04706054306705116;0.03277133561079152;0.054194903568142674;0.032273124852797194;0.03770671382967957;0.04208398053152845
b4_p14_h14;На другой день вернулись с поля косари. Пантелей Прокофьевич решил с обеда начинать возку сена. Дуняшка погнала к Дону быков, а Ильинична и Наталья пр;0.061958404822057736;0.08844202046643934;0.09429453523441979;0.06498032319121462;0.09893277829171113;0.06210390087367192;0.06620597965003142;0.09156640064684719;0.05894342933457741;0.09743089462004614;0.06272211188401783;0.0743735650133472;0.07115682652343029
b4_p15_h15;Стремительно преследуя отступавшего от Усть-Медведицкой противника, объединенные части Донской армии и верхнедонских повстанцев шли на север. Под хуто;0.016651753026872412;0.018503334976846347;0.016172876462807434;0.023234199704746265;0.017492817229509995;0.0180712835548603;0.018342297025559996;0.015897032393361363;0.016638793885451107;0.01675493799902547;0.016403237844201203;0.013697877231196353;0.01549878104722093
b4_p16_h16;Несколько дней после разговора с Дарьей Наталья жила, испытывая такое ощущение, какое бывает во сне, когда тяжко давит дурной сон и нет сил очнуться. ;0.035098671896231726;0.03323360013014218;0.025782258988019842;0.032475362307373155;0.03341722015707464;0.038009565795879496;0.023310969426228137;0.040460903029866234;0.02812219196019875;0.039580450577111105;0.015587413914442785;0.0186742321228969;0.02914262028364583
b4_p17_h17;Многое передумал и вспомнил Григорий за двое суток пути от фронта до родного хутора… Чтобы не оставаться в степи одному со своим горем, с неотступными;0.07019905403834152;0.07782977439614062;0.07290804600351473;0.07509970297593233;0.07510458036130453;0.07272170106896526;0.06808484255799141;0.08362356702888983;0.06370244622590937;0.08188451953195017;0.07139641374375123;0.08000372652805669;0.07203610713844903
b4_p18_h18;Григорий страдал не только потому, что он по-своему любил Наталью и свыкся с ней за шесть лет, прожитых вместе, но и потому, что чувствовал себя винов;0.06240427992495028;0.05308025735613331;0.06421150589712032;0.06389424683769977;0.06649290985719702;0.05536352891019113;0.05532778863964141;0.06965199907847157;0.053096780836624516;0.0616484037534946;0.0462251760846066;0.06313230793558883;0.05494879662928383
b4_p19_h19;"Небо заволокло тучами. Накрапывал мелкий, будто сквозь сито сеянный, дождь. Молодая отава, бурьяны, раскиданные по степи кусты дикого терна блестели.
";0.01920593343644693;0.01946025895948816;0.017001438951987073;0.02461472438695262;0.0216995336412474;0.02371884661523234;0.018638663937649878;0.017324900515814864;0.019280894257835655;0.02188000766984026;0.015963590056486576;0.019770631855043914;0.02024692366933348
b4_p20_h20;Донская армия, выйдя за границу Хоперского округа, вновь, как в 1918 году, утратила наступательную силу своего движения. Казаки-повстанцы Верхнего Дон;0.09587212425517555;0.08028132266515754;0.1289792205060761;0.09683006497989224;0.08525068171857525;0.07489043037652869;0.10880060330917155;0.1277660207667455;0.08945264292869008;0.08286436502633535;0.10357765875059623;0.1102064446952863;0.0685735577822146
b4_p21_h21;Мелеховская семья за один год убавилась наполовину. Прав был Пантелей Прокофьевич, сказав однажды, что смерть возлюбила их курень. Не успели похоронит;0.0371190461072479;0.028483875397893606;0.03471590233429097;0.028187681232557358;0.027389733131781977;0.030453306893702653;0.028702623537411123;0.03857593856075831;0.02709123604091677;0.024828553181694687;0.02678581230739107;0.020025541862568656;0.0289506478097965
b4_p22_h22;Четырнадцать изловленных дезертиров ждали суда. Суд был короткий и немилостивый. Престарелый есаул, председательствовавший на заседаниях, спрашивал у ;0.058700433096814775;0.04821732314517117;0.055803632953404465;0.05850626857379057;0.057226411760813736;0.046870310001931946;0.05360280262320068;0.07479491248689625;0.05105931892027561;0.04885147355675964;0.05384623081275248;0.06590016318775657;0.04840818006605518
b4_p23_h23;17 сентября части ударной группы Шорина, сделав тридцативерстный переход, вплотную подошли к Дону. С утра 18-го красные батареи загремели от устья Мед;0.034739421769802506;0.03161252526169874;0.04069302337058959;0.03955729116064711;0.04240785792124061;0.03682641208441141;0.03300086448275791;0.0474539117765638;0.042962199105983215;0.03176101608273551;0.034305062549032726;0.04580474574750052;0.042281714135163566
b4_p24_h24;Две с половиной недели Пантелей Прокофьевич благополучно прожил с семьей в хуторе Латышевом и, как только услышал, что красные отступили от Дона, собр;0.04280637714389261;0.03936474781859797;0.037096249258897124;0.03602006413588823;0.03739210638052862;0.04412639167282389;0.0324589506467347;0.047596185405262;0.037170013147785;0.04348426817577639;0.035355664700567856;0.03801546382102783;0.04003282483447483
b4_p25_h25;Через месяц Григорий выздоровел. Впервые поднялся он с постели в двадцатых числах ноября и — высокий, худой, как скелет, — неуверенно прошелся по комн;0.024045334691264842;0.025861974662002647;0.02128745487101059;0.0345590115918397;0.028756140075967673;0.029247957470318192;0.020302051606041947;0.0240322549713027;0.024257564243344437;0.0258915734020484;0.026804480784391356;0.024341864476397714;0.02832788781988175
b4_p26_h26;— Ну, война кончилась! Пихнули нас красные так, что теперича до самого моря будем пятиться, пока не упремся задом в соленую воду, — сказал Прохор, ког;0.0303404083484236;0.029135082737010543;0.024279180058116672;0.031347861692553936;0.030078112840295018;0.030797757504757474;0.025488535169552795;0.027744413180271734;0.024393116379820112;0.03352812434620563;0.024028923465215322;0.023215488197081455;0.02910503766540695
b4_p27_h27;Дни потянулись серые и безрадостные. Оставив Аксинью, Григорий сразу утратил интерес к окружающему. С утра садился в сани, ехал по раскинувшейся бескр;0.01812518893394735;0.01758935915939238;0.015419553385866515;0.01881420334539391;0.020296285506277083;0.020960425540386463;0.015842897678158503;0.015502521543584767;0.01462628834480809;0.016417665823514487;0.018344599987692646;0.01409170709321234;0.01608139857664867
b4_p28_h28;"За всю дорогу до самой станицы Абинской Григорию запомнилось только одно; беспросветной темной ночью очнулся он от резкого, пронизывающего насквозь хо";0.018593714186838504;0.01997798018979303;0.01634638620316199;0.01757988126802078;0.016825626081587407;0.017627887501004896;0.01541548667117131;0.020252351428767752;0.018742497466475373;0.017323283738648707;0.01060742760128575;0.016855036252645356;0.013528564833882898
b4_p29_h29;Соленый, густой, холодный ветер дул с моря. Запах неведомых чужих земель нес он к берегу. Но для донцов не только ветер — все было чужое, неродное в э;0.13651396184469658;0.1540376567387484;0.124006324174919;0.12243088703525692;0.09445765775940881;0.1489096737035109;0.15011520682940863;0.1500233732158083;0.1533678218198558;0.16059040621947587;0.10859199097775266;0.1711267869959249;0.09674861070818785
